province_name,url
A_Coru√±a,https://www.idealista.com/venta-viviendas/a-coruna-provincia/mapa/
Alava,https://www.idealista.com/venta-viviendas/alava/mapa
Albacete,https://www.idealista.com/venta-viviendas/albacete-provincia/mapa
Alicante,https://www.idealista.com/venta-viviendas/alicante/mapa
Almeria,https://www.idealista.com/venta-viviendas/almeria-provincia/mapa
Asturias,https://www.idealista.com/venta-viviendas/asturias/mapa
Avila,https://www.idealista.com/venta-viviendas/avila-provincia/mapa
Badajoz,https://www.idealista.com/venta-viviendas/badajoz-provincia/mapa
Barcelona,https://www.idealista.com/venta-viviendas/barcelona-provincia/mapa
Burgos,https://www.idealista.com/venta-viviendas/burgos-provincia/mapa
Caceres,https://www.idealista.com/venta-viviendas/caceres-provincia/mapa
Cadiz,https://www.idealista.com/venta-viviendas/cadiz-provincia/mapa
Cantabria,https://www.idealista.com/venta-viviendas/cantabria/mapa
Castellon,https://www.idealista.com/venta-viviendas/castellon/mapa
Ceuta,https://www.idealista.com/venta-viviendas/ceuta-provincia/mapa
Ciudad_Real,https://www.idealista.com/venta-viviendas/ciudad-real-provincia/mapa
Cordoba,https://www.idealista.com/venta-viviendas/cordoba-provincia/mapa
Cuenca,https://www.idealista.com/venta-viviendas/cuenca-provincia/mapa
Fuerteventura,https://www.idealista.com/venta-viviendas/las-palmas/fuerteventura/mapa
Girona,https://www.idealista.com/venta-viviendas/girona-provincia/mapa
Gran_Canaria,https://www.idealista.com/venta-viviendas/las-palmas/gran-canaria/mapa
Granada,https://www.idealista.com/venta-viviendas/granada-provincia/mapa
Guadalajara,https://www.idealista.com/venta-viviendas/guadalajara-provincia/mapa
Guipuzcoa,https://www.idealista.com/venta-viviendas/guipuzcoa/mapa
Hierro,https://www.idealista.com/venta-viviendas/santa-cruz-de-tenerife/el-hierro/mapa
Huelva,https://www.idealista.com/venta-viviendas/huelva-provincia/mapa
Huesca,https://www.idealista.com/venta-viviendas/huesca-provincia/mapa
Ibiza,https://www.idealista.com/venta-viviendas/balears-illes/ibiza/mapa
Jaen,https://www.idealista.com/venta-viviendas/jaen-provincia/mapa
La_Gomera,https://www.idealista.com/venta-viviendas/santa-cruz-de-tenerife/la-gomera/mapa
La_Palma,https://www.idealista.com/venta-viviendas/santa-cruz-de-tenerife/la-palma/mapa
La_Rioja,https://www.idealista.com/venta-viviendas/la-rioja/mapa
Lanzarote,https://www.idealista.com/venta-viviendas/las-palmas/lanzarote/mapa
Leon,https://www.idealista.com/venta-viviendas/leon-provincia/mapa
Lleida,https://www.idealista.com/venta-viviendas/lleida-provincia/mapa
Lugo,https://www.idealista.com/venta-viviendas/lugo-provincia/mapa
Madrid,https://www.idealista.com/venta-viviendas/madrid-provincia/mapa
Malaga,https://www.idealista.com/venta-viviendas/malaga-provincia/mapa
Mallorca,https://www.idealista.com/venta-viviendas/balears-illes/mallorca/mapa
Melilla,https://www.idealista.com/venta-viviendas/melilla-provincia/mapa
Menorca,https://www.idealista.com/venta-viviendas/balears-illes/menorca/mapa
Murcia,https://www.idealista.com/venta-viviendas/murcia-provincia/mapa
Navarra,https://www.idealista.com/venta-viviendas/navarra/mapa
Ourense,https://www.idealista.com/venta-viviendas/ourense-provincia/mapa
Palencia,https://www.idealista.com/venta-viviendas/palencia-provincia/mapa
Pontevedra,https://www.idealista.com/venta-viviendas/pontevedra-provincia/mapa
Salamanca,https://www.idealista.com/venta-viviendas/salamanca-provincia/mapa
Segovia,https://www.idealista.com/venta-viviendas/segovia-provincia/mapa
Sevilla,https://www.idealista.com/venta-viviendas/sevilla-provincia/mapa
Soria,https://www.idealista.com/venta-viviendas/soria-provincia/mapa
Tarragona,https://www.idealista.com/venta-viviendas/tarragona-provincia/mapa
Tenerife,https://www.idealista.com/venta-viviendas/santa-cruz-de-tenerife/tenerife/mapa
Teruel,https://www.idealista.com/venta-viviendas/teruel-provincia/mapa
Toledo,https://www.idealista.com/venta-viviendas/toledo-provincia/mapa
Valencia,https://www.idealista.com/venta-viviendas/valencia-provincia/mapa
Valladolid,https://www.idealista.com/venta-viviendas/valladolid-provincia/mapa
Vizcaya,https://www.idealista.com/venta-viviendas/vizcaya/mapa
Zamora,https://www.idealista.com/venta-viviendas/zamora-provincia/mapa
Zaragoza,https://www.idealista.com/venta-viviendas/zaragoza-provincia/mapa
